"learner_id","task_id","measure","hours","total_h","mem_gb"
"AF","ALL","dcalib",0.08,57.06,0.235222384
"AF","ALL","harrell_c",0.13,96.92,0.234931112
"AF","ALL","rcll",0.08,61.65,0.235309184
"AF","CarpenterFdaData","dcalib",0.09,65.02,0.234533248
"AF","CarpenterFdaData","harrell_c",0.06,45,0.253050248
"AF","CarpenterFdaData","rcll",0.05,39.46,0.234625376
"AF","aids.id","dcalib",0.54,405.33,0.234062672
"AF","aids.id","harrell_c",0.92,688.39,0.23470292
"AF","aids.id","rcll",0.04,26.65,0.234161848
"AF","aids2","dcalib",0.1,75.32,0.236867176
"AF","aids2","harrell_c",0.14,105.97,0.23700632
"AF","aids2","rcll",0.11,82.73,0.236353968
"AF","bladder0","dcalib",0.03,21.53,0.236406768
"AF","bladder0","harrell_c",0.77,576.75,0.236006528
"AF","bladder0","rcll",0.03,24.5,0.250879944
"AF","channing","dcalib",0.02,17.76,0.233932608
"AF","channing","harrell_c",0.05,38.21,0.234473032
"AF","channing","rcll",0.05,36.88,0.234379648
"AF","child","dcalib",12.99,9742.89,0.244865096
"AF","child","harrell_c",13.01,9760.06,0.244977632
"AF","child","rcll",12.99,9741.83,0.244923032
"AF","colrec","dcalib",0.39,295.48,0.236286304
"AF","colrec","harrell_c",1.4,1051.9,0.23633592
"AF","colrec","rcll",0.36,271.82,0.236310184
"AF","cost","dcalib",0.05,41,0.235668128
"AF","cost","harrell_c",0.05,39.94,0.234789728
"AF","cost","rcll",0.07,48.92,0.234147648
"AF","dataFTR","dcalib",0.08,63.19,0.234718744
"AF","dataFTR","harrell_c",0.1,78.44,0.235815456
"AF","dataFTR","rcll",0.15,109.19,0.235332016
"AF","dataSTR","dcalib",0.06,48.47,0.240016384
"AF","dataSTR","harrell_c",0.03,20.72,0.246487416
"AF","dataSTR","rcll",0.04,28.18,0.234172952
"AF","e1684","dcalib",0.04,29.29,0.234066768
"AF","e1684","harrell_c",0.02,15.92,0.234017968
"AF","e1684","rcll",0.04,30.93,0.234213224
"AF","flchain","dcalib",0.28,212.1,0.23684952
"AF","flchain","harrell_c",0.27,202.84,0.236955368
"AF","flchain","rcll",0.25,191.24,0.236875736
"AF","gbsg","dcalib",0.09,64.14,0.235682432
"AF","gbsg","harrell_c",0.09,69.98,0.234843416
"AF","gbsg","rcll",0.14,104.42,0.235490112
"AF","grace","dcalib",0.05,34.71,0.234633768
"AF","grace","harrell_c",0.02,15.53,0.234194856
"AF","grace","rcll",0.07,50.74,0.236582904
"AF","hdfail","dcalib",28.89,21664.74,0.256990672
"AF","hdfail","harrell_c",28.72,21539.91,0.257099576
"AF","hdfail","rcll",30.61,22958.45,0.257048808
"AF","kidtran","dcalib",0.04,31.82,0.234385432
"AF","kidtran","harrell_c",0.03,18.8,0.246087776
"AF","kidtran","rcll",0.05,34.58,0.24895532
"AF","liver","dcalib",0.06,42.54,0.24641332
"AF","liver","harrell_c",0.03,18.88,0.234108528
"AF","liver","rcll",0.04,29.97,0.234054128
"AF","lung","dcalib",0.02,15.18,0.239513472
"AF","lung","harrell_c",0.03,23.53,0.23415144
"AF","lung","rcll",0.03,25.87,0.244805152
"AF","metabric","dcalib",0.08,62.23,0.234599696
"AF","metabric","harrell_c",0.07,51.52,0.235692184
"AF","metabric","rcll",0.12,90.03,0.237695024
"AF","mgus","dcalib",0.05,38.32,0.233913352
"AF","mgus","harrell_c",0.07,52.07,0.234550248
"AF","mgus","rcll",0.05,36.45,0.234073208
"AF","nafld1","dcalib",0.31,235.44,0.23560432
"AF","nafld1","harrell_c",0.23,172.25,0.235650688
"AF","nafld1","rcll",0.28,212.87,0.2356282
"AF","nwtco","dcalib",1.03,770.82,0.235580912
"AF","nwtco","harrell_c",1.09,816.84,0.235689816
"AF","nwtco","rcll",0.24,180.71,0.23563852
"AF","ova","dcalib",0.06,46.01,0.23454152
"AF","ova","harrell_c",0.02,18.43,0.249788744
"AF","ova","rcll",0.09,69.34,0.241300472
"AF","patient","dcalib",0.13,95.91,0.23658748
"AF","patient","harrell_c",0.1,77.26,0.237069304
"AF","patient","rcll",0.14,102.83,0.237971128
"AF","rdata","dcalib",0.03,19.14,0.234309896
"AF","rdata","harrell_c",0.23,172.48,0.242447208
"AF","rdata","rcll",0.03,23.56,0.234890936
"AF","std","dcalib",0.04,33.48,0.239811904
"AF","std","harrell_c",0.03,23.08,0.23446096
"AF","std","rcll",0.06,43.31,0.23485552
"AF","support","dcalib",0.15,112.19,0.235498872
"AF","support","harrell_c",0.15,113.53,0.235573736
"AF","support","rcll",0.15,110.57,0.235494104
"AF","tumor","dcalib",0.05,38.4,0.23548936
"AF","tumor","harrell_c",0.04,26.42,0.248164344
"AF","tumor","rcll",0.07,51.8,0.235537752
"AF","uis","dcalib",0.05,34.84,0.234253552
"AF","uis","harrell_c",0.04,32.44,0.234604416
"AF","uis","rcll",0.15,115.93,0.24220664
"AF","veteran","dcalib",0.05,37.24,0.234408216
"AF","veteran","harrell_c",0.02,15.51,0.239762536
"AF","veteran","rcll",0.04,32.43,0.249582688
"AF","wbc1","dcalib",0.02,17.83,0.233979208
"AF","wbc1","harrell_c",0.04,27.83,0.244378848
"AF","wbc1","rcll",0.04,30.45,0.23443156
"AF","whas","dcalib",0.08,60.45,0.242670952
"AF","whas","harrell_c",0.04,26.25,0.235560064
"AF","whas","rcll",0.06,42.53,0.236041208
"CIF","ALL","dcalib",0.12,449.38,0.275246648
"CIF","ALL","harrell_c",0.09,350.31,0.283471272
"CIF","ALL","rcll",0.13,493.8,0.257856848
"CIF","CarpenterFdaData","dcalib",0.36,1346.28,0.265535184
"CIF","CarpenterFdaData","harrell_c",0.12,450.05,0.2581364
"CIF","CarpenterFdaData","rcll",0.76,2834.71,0.277496568
"CIF","aids.id","dcalib",0.06,214.05,0.260649248
"CIF","aids.id","harrell_c",0.31,1157.14,0.258924832
"CIF","aids.id","rcll",0.44,1637.2,0.27776908
"CIF","aids2","dcalib",0.19,717.23,0.28715976
"CIF","aids2","harrell_c",0.08,299.85,0.258591504
"CIF","aids2","rcll",0.05,171.71,0.258430048
"CIF","bladder0","dcalib",0.03,100.32,0.25219568
"CIF","bladder0","harrell_c",0.45,1680.26,0.260208488
"CIF","bladder0","rcll",0.06,237.9,0.252568544
"CIF","channing","dcalib",0.03,129.64,0.251435888
"CIF","channing","harrell_c",0.04,148.61,0.257516824
"CIF","channing","rcll",0.06,228.55,0.269706232
"CIF","child","dcalib",1.26,4726.32,0.912698392
"CIF","child","harrell_c",1.54,5790.18,0.896547264
"CIF","child","rcll",1.18,4433.1,0.412897608
"CIF","colrec","dcalib",0.11,425.31,0.389877184
"CIF","colrec","harrell_c",0.23,868.56,0.391575424
"CIF","colrec","rcll",0.27,995.24,0.427346304
"CIF","cost","dcalib",0.15,566.12,0.266035104
"CIF","cost","harrell_c",1.03,3879.82,0.266724608
"CIF","cost","rcll",0.05,179.48,0.250941048
"CIF","dataFTR","dcalib",0.03,108.53,0.281590368
"CIF","dataFTR","harrell_c",0.04,146.44,0.257217304
"CIF","dataFTR","rcll",0.02,90.76,0.281628376
"CIF","dataSTR","dcalib",0.02,73,0.251164432
"CIF","dataSTR","harrell_c",0.02,66.57,0.257846144
"CIF","dataSTR","rcll",0.05,187.58,0.251676808
"CIF","e1684","dcalib",0.03,124.45,0.265445768
"CIF","e1684","harrell_c",0.03,119.83,0.250894464
"CIF","e1684","rcll",0.04,138.57,0.25488288
"CIF","flchain","dcalib",0.06,238.77,0.269007872
"CIF","flchain","harrell_c",0.52,1956.07,0.298147024
"CIF","flchain","rcll",0.05,201.29,0.26905164
"CIF","gbsg","dcalib",0.22,819.45,0.26931548
"CIF","gbsg","harrell_c",0.37,1383.19,0.265914408
"CIF","gbsg","rcll",0.97,3623.93,0.28008324
"CIF","grace","dcalib",0.07,262.34,0.25860816
"CIF","grace","harrell_c",0.04,165.02,0.25825732
"CIF","grace","rcll",0.1,360.43,0.277520656
"CIF","hdfail","dcalib",1.46,5482.26,1.07563392
"CIF","hdfail","harrell_c",1.48,5543.12,0.701551456
"CIF","hdfail","rcll",0.6,2257.27,0.280643584
"CIF","kidtran","dcalib",0.06,217.28,0.2519018
"CIF","kidtran","harrell_c",0.13,477.93,0.261390344
"CIF","kidtran","rcll",0.04,149.97,0.25160536
"CIF","liver","dcalib",0.05,184.49,0.251443128
"CIF","liver","harrell_c",0.04,134.73,0.259862344
"CIF","liver","rcll",0.04,146.59,0.257445544
"CIF","lung","dcalib",0.34,1271.19,0.251367544
"CIF","lung","harrell_c",0.03,114.92,0.258854024
"CIF","lung","rcll",0.04,157.77,0.265097272
"CIF","metabric","dcalib",0.19,724.94,0.273025888
"CIF","metabric","harrell_c",0.04,166.29,0.256600136
"CIF","metabric","rcll",0.06,212.6,0.295183992
"CIF","mgus","dcalib",0.06,234.67,0.257349304
"CIF","mgus","harrell_c",0.03,111.7,0.258482488
"CIF","mgus","rcll",0.06,218.89,0.257718224
"CIF","nafld1","dcalib",0.05,188.33,0.272536712
"CIF","nafld1","harrell_c",0.41,1549.3,0.329329744
"CIF","nafld1","rcll",0.13,488.24,0.272581968
"CIF","nwtco","dcalib",0.08,308.13,0.354641176
"CIF","nwtco","harrell_c",0.47,1779.62,0.321034712
"CIF","nwtco","rcll",0.94,3531.57,0.344271472
"CIF","ova","dcalib",0.05,186.94,0.25065064
"CIF","ova","harrell_c",0.05,176.43,0.266376664
"CIF","ova","rcll",0.06,206.52,0.251849784
"CIF","patient","dcalib",0.22,824.28,0.263430624
"CIF","patient","harrell_c",0.18,684.84,0.26348848
"CIF","patient","rcll",0.55,2052.48,0.273291632
"CIF","rdata","dcalib",0.07,270.54,0.26274648
"CIF","rdata","harrell_c",0.03,126.33,0.252400544
"CIF","rdata","rcll",0.04,138.09,0.26448216
"CIF","std","dcalib",0.06,242.02,0.251423144
"CIF","std","harrell_c",0.13,496.01,0.261133824
"CIF","std","rcll",0.16,593.71,0.281332808
"CIF","support","dcalib",0.64,2388.12,0.301111768
"CIF","support","harrell_c",0.66,2489.38,0.29166688
"CIF","support","rcll",0.36,1339.06,0.262298744
"CIF","tumor","dcalib",0.06,231.27,0.260015384
"CIF","tumor","harrell_c",0.14,519.61,0.269220376
"CIF","tumor","rcll",0.06,208.07,0.252712752
"CIF","uis","dcalib",0.07,258.32,0.250820496
"CIF","uis","harrell_c",0.07,277.6,0.259387816
"CIF","uis","rcll",0.39,1446.47,0.271081496
"CIF","veteran","dcalib",0.06,215.23,0.2555028
"CIF","veteran","harrell_c",0.05,180.2,0.258151776
"CIF","veteran","rcll",0.08,281.55,0.270083344
"CIF","wbc1","dcalib",0.06,232.38,0.268786304
"CIF","wbc1","harrell_c",0.07,274.85,0.257960648
"CIF","wbc1","rcll",0.03,117.75,0.257985152
"CIF","whas","dcalib",0.09,349.35,0.269154696
"CIF","whas","harrell_c",0.03,116.55,0.253275536
"CIF","whas","rcll",0.03,123.71,0.2642522
"CPH","ALL","dcalib,harrell_c,rcll",0.02,0.09,0.211048608
"CPH","CarpenterFdaData","dcalib,harrell_c,rcll",0.01,0.03,0.209235104
"CPH","aids.id","dcalib,harrell_c,rcll",0.63,3.14,0.203968208
"CPH","aids2","dcalib,harrell_c,rcll",0.02,0.09,0.211689024
"CPH","bladder0","dcalib,harrell_c,rcll",0.64,3.21,0.205362056
"CPH","channing","dcalib,harrell_c,rcll",0.02,0.08,0.209114328
"CPH","child","dcalib,harrell_c,rcll",0.19,0.95,0.364057584
"CPH","colrec","dcalib,harrell_c,rcll",0.85,4.27,0.238052384
"CPH","cost","dcalib,harrell_c,rcll",0,0.02,0.20945668
"CPH","dataFTR","dcalib,harrell_c,rcll",0.03,0.13,0.21086216
"CPH","dataSTR","dcalib,harrell_c,rcll",0.01,0.06,0.204360288
"CPH","e1684","dcalib,harrell_c,rcll",0.01,0.07,0.203763968
"CPH","flchain","dcalib,harrell_c,rcll",0.02,0.08,0.223159576
"CPH","gbsg","dcalib,harrell_c,rcll",0.01,0.06,0.209624928
"CPH","grace","dcalib,harrell_c,rcll",0.03,0.15,0.204058056
"CPH","hdfail","dcalib,harrell_c,rcll",0.04,0.2,0.46382984
"CPH","kidtran","dcalib,harrell_c,rcll",0.02,0.1,0.210043104
"CPH","liver","dcalib,harrell_c,rcll",0.01,0.03,0.209350656
"CPH","lung","dcalib,harrell_c,rcll",0.01,0.04,0.209084992
"CPH","metabric","dcalib,harrell_c,rcll",0.02,0.11,0.210231096
"CPH","mgus","dcalib,harrell_c,rcll",0.01,0.04,0.209056568
"CPH","nafld1","dcalib,harrell_c,rcll",0.01,0.03,0.225683848
"CPH","nwtco","dcalib,harrell_c,rcll",0.42,2.1,0.226089528
"CPH","ova","dcalib,harrell_c,rcll",0.01,0.07,0.204056744
"CPH","patient","dcalib,harrell_c,rcll",0.03,0.16,0.206142192
"CPH","rdata","dcalib,harrell_c,rcll",0.01,0.03,0.210863928
"CPH","std","dcalib,harrell_c,rcll",0.03,0.14,0.20477396
"CPH","support","dcalib,harrell_c,rcll",0.01,0.03,0.21572984
"CPH","tumor","dcalib,harrell_c,rcll",0.03,0.15,0.206279936
"CPH","uis","dcalib,harrell_c,rcll",0.01,0.06,0.204138864
"CPH","veteran","dcalib,harrell_c,rcll",0.02,0.11,0.203974232
"CPH","wbc1","dcalib,harrell_c,rcll",0.03,0.17,0.203769872
"CPH","whas","dcalib,harrell_c,rcll",0.02,0.09,0.205665832
"CoxB","ALL","dcalib,harrell_c,rcll",0.26,1.32,0.23040888
"CoxB","CarpenterFdaData","dcalib,harrell_c,rcll",0.06,0.3,0.221206352
"CoxB","aids.id","dcalib,harrell_c,rcll",0.59,2.95,0.22283296
"CoxB","aids2","dcalib,harrell_c,rcll",1.27,6.36,0.23044576
"CoxB","bladder0","dcalib,harrell_c,rcll",0.05,0.23,0.225516048
"CoxB","channing","dcalib,harrell_c,rcll",0.06,0.3,0.222443736
"CoxB","child","dcalib,harrell_c,rcll",19.55,97.73,0.382701584
"CoxB","colrec","dcalib,harrell_c,rcll",4.43,22.13,0.256577376
"CoxB","cost","dcalib,harrell_c,rcll",0.07,0.33,0.224470392
"CoxB","dataFTR","dcalib,harrell_c,rcll",0.3,1.52,0.228016328
"CoxB","dataSTR","dcalib,harrell_c,rcll",0.03,0.14,0.221402336
"CoxB","e1684","dcalib,harrell_c,rcll",0.06,0.31,0.220917952
"CoxB","flchain","dcalib,harrell_c,rcll",0.78,3.9,0.240690368
"CoxB","gbsg","dcalib,harrell_c,rcll",0.42,2.08,0.226399464
"CoxB","grace","dcalib,harrell_c,rcll",0.07,0.35,0.221077936
"CoxB","kidtran","dcalib,harrell_c,rcll",0.11,0.53,0.221887672
"CoxB","liver","dcalib,harrell_c,rcll",0.05,0.24,0.2210352
"CoxB","lung","dcalib,harrell_c,rcll",0.07,0.34,0.222450512
"CoxB","metabric","dcalib,harrell_c,rcll",0.35,1.74,0.227249824
"CoxB","mgus","dcalib,harrell_c,rcll",0.04,0.18,0.224422384
"CoxB","nafld1","dcalib,harrell_c,rcll",0.36,1.81,0.24425672
"CoxB","nwtco","dcalib,harrell_c,rcll",0.95,4.74,0.244665288
"CoxB","ova","dcalib,harrell_c,rcll",0.08,0.42,0.222985792
"CoxB","patient","dcalib,harrell_c,rcll",0.15,0.77,0.226782432
"CoxB","rdata","dcalib,harrell_c,rcll",0.11,0.57,0.231398936
"CoxB","std","dcalib,harrell_c,rcll",0.09,0.47,0.223278936
"CoxB","support","dcalib,harrell_c,rcll",1.53,7.64,0.232360784
"CoxB","tumor","dcalib,harrell_c,rcll",0.08,0.39,0.230052848
"CoxB","uis","dcalib,harrell_c,rcll",0.09,0.44,0.223564712
"CoxB","veteran","dcalib,harrell_c,rcll",0.82,4.09,0.222430896
"CoxB","wbc1","dcalib,harrell_c,rcll",0.07,0.34,0.220854824
"CoxB","whas","dcalib,harrell_c,rcll",0.06,0.3,0.230762392
"Flex","ALL","dcalib",0.02,15.62,0.623967648
"Flex","ALL","harrell_c",0.07,49.09,0.612009584
"Flex","ALL","rcll",0.02,12.04,0.626559592
"Flex","CarpenterFdaData","dcalib",0.03,23.05,0.32058372
"Flex","CarpenterFdaData","harrell_c",0.04,29.12,0.327555592
"Flex","CarpenterFdaData","rcll",0.13,95.61,0.332933584
"Flex","aids.id","dcalib",0.03,20.41,0.330241208
"Flex","aids.id","harrell_c",0.74,551.55,0.322783472
"Flex","aids.id","rcll",0.07,49.91,0.334479744
"Flex","aids2","dcalib",0.24,180.85,0.710161072
"Flex","aids2","harrell_c",0.06,47.58,0.699279952
"Flex","aids2","rcll",0.1,77.14,0.710756928
"Flex","bladder0","dcalib",0.09,66.03,0.320675688
"Flex","bladder0","harrell_c",0.88,659.32,0.313286312
"Flex","bladder0","rcll",0.05,36.83,0.326485792
"Flex","channing","dcalib",0.06,45.85,0.328702184
"Flex","channing","harrell_c",0.02,15.62,0.32182376
"Flex","channing","rcll",0.04,31.01,0.333276632
"Flex","child","dcalib",0.52,387.28,4.5036656
"Flex","child","harrell_c",0.55,412.27,4.496603624
"Flex","child","rcll",0.35,260.09,4.536518896
"Flex","colrec","dcalib",0.06,46.16,1.148739544
"Flex","colrec","harrell_c",0.06,45.24,1.152794512
"Flex","colrec","rcll",0.04,27.31,1.158074992
"Flex","cost","dcalib",0.03,24.97,0.338921072
"Flex","cost","harrell_c",0.02,16.15,0.349284272
"Flex","cost","rcll",0.06,43.4,0.342975648
"Flex","dataFTR","dcalib",0.03,20.1,0.612337144
"Flex","dataFTR","harrell_c",0.03,24.62,0.603258712
"Flex","dataFTR","rcll",0.04,32.95,0.613533656
"Flex","dataSTR","dcalib",0.05,36.77,0.343210864
"Flex","dataSTR","harrell_c",0.04,31.36,0.350475448
"Flex","dataSTR","rcll",0.06,47.78,0.346039496
"Flex","e1684","dcalib",0.06,47.16,0.30584624
"Flex","e1684","harrell_c",0.05,35.27,0.300883056
"Flex","e1684","rcll",0.07,53.32,0.30378072
"Flex","flchain","dcalib",0.09,65.2,0.267117496
"Flex","flchain","harrell_c",0.04,27.18,0.267195976
"Flex","flchain","rcll",0.07,55.64,0.267158176
"Flex","gbsg","dcalib",0.02,16.36,0.61196324
"Flex","gbsg","harrell_c",0.05,35.78,0.611367216
"Flex","gbsg","rcll",0.06,47.47,0.62181568
"Flex","grace","dcalib",0.01,10.99,0.249465888
"Flex","grace","harrell_c",0.01,5.03,0.257803352
"Flex","grace","rcll",0.02,18.18,0.249676496
"Flex","hdfail","dcalib",0.37,278.1,0.508303368
"Flex","hdfail","harrell_c",0.08,60.02,0.508440256
"Flex","hdfail","rcll",0.36,271.18,0.508374512
"Flex","kidtran","dcalib",0.02,17.43,0.249747744
"Flex","kidtran","harrell_c",0.02,17.49,0.250344616
"Flex","kidtran","rcll",0.01,9.41,0.25041548
"Flex","liver","dcalib",0.03,22.84,0.3342644
"Flex","liver","harrell_c",0.03,20.1,0.329868672
"Flex","liver","rcll",0.04,27.75,0.344266064
"Flex","lung","dcalib",0.04,31.51,0.286045592
"Flex","lung","harrell_c",0.04,33.66,0.278783424
"Flex","lung","rcll",0.04,30.13,0.293674472
"Flex","metabric","dcalib",0.01,10.48,0.561473848
"Flex","metabric","harrell_c",0.03,22.5,0.556329984
"Flex","metabric","rcll",0.09,65.8,0.566341656
"Flex","mgus","dcalib",0.04,27.84,0.295543024
"Flex","mgus","harrell_c",0.05,38.14,0.276595224
"Flex","mgus","rcll",0.03,21.46,0.300789616
"Flex","nafld1","dcalib",0.01,8.84,0.270604552
"Flex","nafld1","harrell_c",0.01,8.84,0.270756688
"Flex","nafld1","rcll",0.04,33.67,0.270691464
"Flex","nwtco","dcalib",0.05,40.97,0.908047752
"Flex","nwtco","harrell_c",1.05,786.06,0.9144408
"Flex","nwtco","rcll",0.71,530.69,0.912601
"Flex","ova","dcalib",0.03,24.65,0.249596688
"Flex","ova","harrell_c",0.02,12.1,0.249564288
"Flex","ova","rcll",0.02,12.36,0.256419448
"Flex","patient","dcalib",0.03,26.06,0.57899684
"Flex","patient","harrell_c",0.03,24.62,0.567020416
"Flex","patient","rcll",0.11,80.82,0.584080048
"Flex","rdata","dcalib",0.01,10.61,0.423119136
"Flex","rdata","harrell_c",0.04,30.57,0.417530776
"Flex","rdata","rcll",0.04,31.6,0.425751056
"Flex","std","dcalib",0.31,231.79,0.250402784
"Flex","std","harrell_c",0.01,6.96,0.250347416
"Flex","std","rcll",0.21,160.32,0.251698848
"Flex","support","dcalib",0.02,17.28,0.90415336
"Flex","support","harrell_c",0.03,21.4,0.891564152
"Flex","support","rcll",0.04,30.49,0.910990144
"Flex","tumor","dcalib",0.14,107.62,0.38164804
"Flex","tumor","harrell_c",0.04,30.48,0.375643608
"Flex","tumor","rcll",0.04,30.87,0.38517972
"Flex","uis","dcalib",0.04,33.33,0.349130408
"Flex","uis","harrell_c",0.03,24.46,0.35152392
"Flex","uis","rcll",0.03,19.93,0.352548824
"Flex","veteran","dcalib",0.06,47.45,0.278194224
"Flex","veteran","harrell_c",0.03,23.56,0.272954296
"Flex","veteran","rcll",0.03,19.47,0.293363488
"Flex","wbc1","dcalib",0.04,30.11,0.293053392
"Flex","wbc1","harrell_c",0.04,27.67,0.279133408
"Flex","wbc1","rcll",0.05,35.92,0.301684312
"Flex","whas","dcalib",0.08,60.23,0.3347576
"Flex","whas","harrell_c",0.04,29.42,0.345958904
"Flex","whas","rcll",0.06,44.77,0.337850544
"GLM","ALL","dcalib",0.05,36.02,0.246142776
"GLM","ALL","harrell_c",0.05,36.16,0.246415128
"GLM","ALL","rcll",0.01,10.44,0.246201712
"GLM","CarpenterFdaData","dcalib",0.03,21.18,0.237042584
"GLM","CarpenterFdaData","harrell_c",0.03,20.14,0.237160536
"GLM","CarpenterFdaData","rcll",0.04,28.09,0.237407136
"GLM","aids.id","dcalib",0.61,459.28,0.239135512
"GLM","aids.id","harrell_c",0.78,588.38,0.239211352
"GLM","aids.id","rcll",0.04,29.77,0.239338184
"GLM","aids2","dcalib",0.01,10.6,0.244529128
"GLM","aids2","harrell_c",0.03,22.27,0.245955784
"GLM","aids2","rcll",0.1,76.56,0.245836784
"GLM","bladder0","dcalib",0.04,28.72,0.238325736
"GLM","bladder0","harrell_c",0.46,345.25,0.23947088
"GLM","bladder0","rcll",0.05,35.33,0.24399244
"GLM","channing","dcalib",0.02,15.09,0.236899504
"GLM","channing","harrell_c",0.04,27.14,0.239038528
"GLM","channing","rcll",0.06,48.26,0.244687096
"GLM","child","dcalib",0.42,311.36,0.398182728
"GLM","child","harrell_c",0.76,572.22,0.398006168
"GLM","child","rcll",0.17,127.01,0.39906884
"GLM","colrec","dcalib",0.05,33.89,0.272187784
"GLM","colrec","harrell_c",0.9,675.53,0.27230052
"GLM","colrec","rcll",0.05,35.44,0.27224572
"GLM","cost","dcalib",0.04,26.52,0.239269072
"GLM","cost","harrell_c",0.01,9.23,0.261491456
"GLM","cost","rcll",0.26,193.36,0.238937392
"GLM","dataFTR","dcalib",0.02,11.39,0.243723432
"GLM","dataFTR","harrell_c",0.04,30.29,0.244272616
"GLM","dataFTR","rcll",0.12,88.98,0.243781368
"GLM","dataSTR","dcalib",0.04,28.6,0.237202832
"GLM","dataSTR","harrell_c",0.83,624.78,0.2380554
"GLM","dataSTR","rcll",0.03,20.71,0.237225232
"GLM","e1684","dcalib",0.03,21.46,0.237153128
"GLM","e1684","harrell_c",0.02,18.49,0.239339608
"GLM","e1684","rcll",0.06,45.26,0.237667728
"GLM","flchain","dcalib",0.02,12.63,0.256352984
"GLM","flchain","harrell_c",0.03,20.77,0.25646592
"GLM","flchain","rcll",0.02,12.36,0.256385504
"GLM","gbsg","dcalib",0.01,8.73,0.24220048
"GLM","gbsg","harrell_c",0.04,27.44,0.242245144
"GLM","gbsg","rcll",0.01,8.1,0.24301904
"GLM","grace","dcalib",0.07,49.93,0.237657552
"GLM","grace","harrell_c",0.03,24.86,0.237806808
"GLM","grace","rcll",0.03,22.04,0.237739456
"GLM","hdfail","dcalib",0.33,248.38,0.496800424
"GLM","hdfail","harrell_c",0.02,15.51,0.496598632
"GLM","hdfail","rcll",0.29,213.89,0.496662824
"GLM","kidtran","dcalib",0.13,93.84,0.238664544
"GLM","kidtran","harrell_c",0.02,15.98,0.238349448
"GLM","kidtran","rcll",0.03,21.68,0.238765696
"GLM","liver","dcalib",0.05,33.81,0.237152256
"GLM","liver","harrell_c",0.03,24.37,0.237353296
"GLM","liver","rcll",0.03,19.46,0.2378742
"GLM","lung","dcalib",0.44,327,0.239093968
"GLM","lung","harrell_c",0.05,38.88,0.243071168
"GLM","lung","rcll",0.05,34.09,0.245694448
"GLM","metabric","dcalib",0.01,8.96,0.242966632
"GLM","metabric","harrell_c",0.01,10.21,0.243082472
"GLM","metabric","rcll",0.08,58.75,0.243058456
"GLM","mgus","dcalib",0.02,16.6,0.245954368
"GLM","mgus","harrell_c",0.03,25.74,0.244900352
"GLM","mgus","rcll",0.33,249.75,0.238904432
"GLM","nafld1","dcalib",0.02,12.05,0.260685064
"GLM","nafld1","harrell_c",0.01,11.03,0.259998016
"GLM","nafld1","rcll",0.07,54.72,0.260773392
"GLM","nwtco","dcalib",0.06,45.33,0.261108392
"GLM","nwtco","harrell_c",0.94,706.82,0.2604422
"GLM","nwtco","rcll",0.87,652.47,0.2603878
"GLM","ova","dcalib",0.03,23.39,0.23880864
"GLM","ova","harrell_c",0.04,29.56,0.239303064
"GLM","ova","rcll",0.05,41.1,0.247203448
"GLM","patient","dcalib",0.04,28.4,0.244858232
"GLM","patient","harrell_c",0.04,31.09,0.247781848
"GLM","patient","rcll",0.06,41.65,0.240268416
"GLM","rdata","dcalib",0.02,17.5,0.240269264
"GLM","rdata","harrell_c",0.02,13.34,0.259680848
"GLM","rdata","rcll",0.01,6.39,0.25752552
"GLM","std","dcalib",0.04,32.24,0.249986792
"GLM","std","harrell_c",0.02,18.62,0.259177976
"GLM","std","rcll",0.04,30.85,0.239886504
"GLM","support","dcalib",0.01,8.31,0.248683072
"GLM","support","harrell_c",0.02,12.4,0.248763712
"GLM","support","rcll",0.04,33.49,0.248712744
"GLM","tumor","dcalib",0.03,20.49,0.239911664
"GLM","tumor","harrell_c",0.04,31.67,0.247580872
"GLM","tumor","rcll",0.03,24.25,0.239720752
"GLM","uis","dcalib",0.06,45.28,0.239302136
"GLM","uis","harrell_c",0.02,13.94,0.239533376
"GLM","uis","rcll",0.05,35.6,0.24388612
"GLM","veteran","dcalib",0.04,30.91,0.243841192
"GLM","veteran","harrell_c",0.02,17.79,0.240994232
"GLM","veteran","rcll",0.08,63.3,0.23954816
"GLM","wbc1","dcalib",0.04,28.22,0.25154404
"GLM","wbc1","harrell_c",0.05,37.58,0.237914704
"GLM","wbc1","rcll",0.1,71.62,0.245990216
"GLM","whas","dcalib",0.16,117.03,0.238645024
"GLM","whas","harrell_c",0.03,24.26,0.239335776
"GLM","whas","rcll",0.05,36.11,0.251342176
"KM","ALL","dcalib,harrell_c,rcll",0.13,0.67,0.210943976
"KM","CarpenterFdaData","dcalib,harrell_c,rcll",0.02,0.12,0.204079352
"KM","aids.id","dcalib,harrell_c,rcll",0.32,1.6,0.204023168
"KM","aids2","dcalib,harrell_c,rcll",0.15,0.76,0.211569752
"KM","bladder0","dcalib,harrell_c,rcll",0.18,0.91,0.20547332
"KM","channing","dcalib,harrell_c,rcll",0.02,0.11,0.2036276
"KM","child","dcalib,harrell_c,rcll",0.57,2.86,0.363786488
"KM","colrec","dcalib,harrell_c,rcll",0.29,1.43,0.237886968
"KM","cost","dcalib,harrell_c,rcll",0.01,0.07,0.209323248
"KM","dataFTR","dcalib,harrell_c,rcll",0.01,0.04,0.210637096
"KM","dataSTR","dcalib,harrell_c,rcll",0.02,0.08,0.204178152
"KM","e1684","dcalib,harrell_c,rcll",0.01,0.06,0.20368892
"KM","flchain","dcalib,harrell_c,rcll",0.02,0.12,0.222155552
"KM","gbsg","dcalib,harrell_c,rcll",0.02,0.1,0.209073328
"KM","grace","dcalib,harrell_c,rcll",0.02,0.08,0.209053552
"KM","hdfail","dcalib,harrell_c,rcll",0.02,0.08,0.46333212
"KM","kidtran","dcalib,harrell_c,rcll",0.01,0.07,0.209864064
"KM","liver","dcalib,harrell_c,rcll",0.03,0.13,0.203941928
"KM","lung","dcalib,harrell_c,rcll",0.01,0.04,0.208872256
"KM","metabric","dcalib,harrell_c,rcll",0.02,0.12,0.2099936
"KM","mgus","dcalib,harrell_c,rcll",0.03,0.17,0.208181136
"KM","nafld1","dcalib,harrell_c,rcll",0.02,0.08,0.225518352
"KM","nwtco","dcalib,harrell_c,rcll",0.34,1.7,0.225923864
"KM","ova","dcalib,harrell_c,rcll",0.02,0.11,0.204043056
"KM","patient","dcalib,harrell_c,rcll",0,0.02,0.211674912
"KM","rdata","dcalib,harrell_c,rcll",0.01,0.03,0.210726448
"KM","std","dcalib,harrell_c,rcll",0.02,0.09,0.204768304
"KM","support","dcalib,harrell_c,rcll",0.01,0.03,0.215531128
"KM","tumor","dcalib,harrell_c,rcll",0.01,0.07,0.214767328
"KM","uis","dcalib,harrell_c,rcll",0.01,0.07,0.2039966
"KM","veteran","dcalib,harrell_c,rcll",0.01,0.04,0.20885284
"KM","wbc1","dcalib,harrell_c,rcll",0.01,0.07,0.208855272
"KM","whas","dcalib,harrell_c,rcll",0.01,0.04,0.211685504
"MBO","ALL","dcalib",0.02,68.79,0.245898984
"MBO","ALL","harrell_c",0.1,285.96,0.241460568
"MBO","ALL","rcll",0.1,311.05,0.241366928
"MBO","CarpenterFdaData","dcalib",0.09,280.62,0.23912224
"MBO","CarpenterFdaData","harrell_c",0.1,308.13,0.23927328
"MBO","CarpenterFdaData","rcll",0.13,384.85,0.239312904
"MBO","aids.id","dcalib",0.05,160.51,0.2393384
"MBO","aids.id","harrell_c",1,3012.28,0.240018952
"MBO","aids.id","rcll",0.13,378.2,0.239954592
"MBO","aids2","dcalib",0.09,274.92,0.24637148
"MBO","aids2","harrell_c",0.98,2930.22,0.246524304
"MBO","aids2","rcll",0.17,519.75,0.245068456
"MBO","bladder0","dcalib",0.02,69.93,0.24041456
"MBO","bladder0","harrell_c",0.57,1705.73,0.240524776
"MBO","bladder0","rcll",0.04,118.38,0.240446312
"MBO","channing","dcalib",0.03,102.01,0.244687984
"MBO","channing","harrell_c",0.03,76.51,0.239015528
"MBO","channing","rcll",0.06,173.75,0.23909968
"MBO","child","dcalib",0.93,2792.23,0.380425928
"MBO","child","rcll",1.8,5396.78,0.398886784
"MBO","colrec","dcalib",0.07,220.24,0.265150008
"MBO","colrec","harrell_c",0.85,2559.45,0.26525904
"MBO","colrec","rcll",2.24,6727.58,0.272889848
"MBO","cost","dcalib",0.09,278.61,0.239094128
"MBO","cost","harrell_c",0.08,236.12,0.239174072
"MBO","cost","rcll",0.05,155.5,0.239890776
"MBO","dataFTR","dcalib",0.07,212.12,0.24554792
"MBO","dataFTR","harrell_c",0.24,713.28,0.245335224
"MBO","dataFTR","rcll",0.02,60.61,0.245283056
"MBO","dataSTR","dcalib",0.03,98.96,0.239656192
"MBO","dataSTR","harrell_c",0.05,141.58,0.240463256
"MBO","dataSTR","rcll",0.04,134.07,0.239527904
"MBO","e1684","dcalib",0.04,106.01,0.239387112
"MBO","e1684","harrell_c",0.04,125.38,0.239057048
"MBO","e1684","rcll",0.04,106.28,0.239040584
"MBO","flchain","dcalib",0.05,151.01,0.24758524
"MBO","flchain","harrell_c",1.11,3337.32,0.257104104
"MBO","flchain","rcll",0.09,284.98,0.247583336
"MBO","gbsg","dcalib",0.65,1964.29,0.244095192
"MBO","gbsg","harrell_c",0.26,781.06,0.2442044
"MBO","gbsg","rcll",0.06,190,0.244313072
"MBO","grace","dcalib",0.05,153.5,0.23910416
"MBO","grace","harrell_c",0.05,151.21,0.239184104
"MBO","grace","rcll",0.05,164.87,0.239882384
"MBO","hdfail","dcalib",0.66,1971.47,0.49823848
"MBO","hdfail","harrell_c",2.44,7318.16,0.386601736
"MBO","kidtran","dcalib",0.11,325.76,0.240373928
"MBO","kidtran","harrell_c",0.08,251.69,0.24001372
"MBO","kidtran","rcll",0.06,177.43,0.23996316
"MBO","liver","dcalib",0.03,103.06,0.239368136
"MBO","liver","harrell_c",0.03,89.64,0.23930952
"MBO","liver","rcll",0.07,204.63,0.239281336
"MBO","lung","dcalib",0.02,70.96,0.239465992
"MBO","lung","harrell_c",0.03,86.83,0.23967048
"MBO","lung","rcll",0.06,192.43,0.239250392
"MBO","metabric","dcalib",0.06,169.59,0.244567336
"MBO","metabric","harrell_c",0.67,2012.92,0.244698544
"MBO","metabric","rcll",0.36,1066.66,0.24468516
"MBO","mgus","dcalib",0.04,111.28,0.239729304
"MBO","mgus","harrell_c",0.04,131.19,0.239042616
"MBO","mgus","rcll",0.06,188.34,0.23902392
"MBO","nafld1","dcalib",0.14,428.41,0.260541728
"MBO","nafld1","harrell_c",0.08,239.8,0.26064744
"MBO","nafld1","rcll",0.68,2040.38,0.260595992
"MBO","nwtco","dcalib",0.1,287.26,0.242114336
"MBO","nwtco","harrell_c",0.44,1319.72,0.242220864
"MBO","nwtco","rcll",0.16,472.39,0.260983384
"MBO","ova","dcalib",0.04,134.3,0.239451968
"MBO","ova","harrell_c",0.03,77.33,0.23924148
"MBO","ova","rcll",0.05,163.66,0.239324888
"MBO","patient","dcalib",0.06,182.04,0.241017736
"MBO","patient","harrell_c",0.36,1084.54,0.241149896
"MBO","patient","rcll",0.24,707.93,0.241230704
"MBO","rdata","dcalib",0.2,588.57,0.240800552
"MBO","rdata","harrell_c",0.01,41.4,0.239975984
"MBO","rdata","rcll",0.01,40.73,0.241413864
"MBO","std","dcalib",0.04,130.26,0.240192504
"MBO","std","harrell_c",0.04,123.37,0.240143552
"MBO","std","rcll",0.1,287.72,0.23999172
"MBO","support","dcalib",0.07,223.43,0.2449672
"MBO","support","harrell_c",2.31,6938.67,0.250277128
"MBO","support","rcll",0.11,315.37,0.245072456
"MBO","tumor","dcalib",0.08,254.3,0.241312784
"MBO","tumor","harrell_c",0.05,137.2,0.242013768
"MBO","tumor","rcll",0.03,85.05,0.24170336
"MBO","uis","dcalib",0.02,54.81,0.239911392
"MBO","uis","harrell_c",0.07,205.14,0.239531832
"MBO","uis","rcll",0.05,156.28,0.239997416
"MBO","veteran","dcalib",0.03,85.34,0.2393332
"MBO","veteran","harrell_c",0.02,65.12,0.238982792
"MBO","veteran","rcll",0.03,100.69,0.239093976
"MBO","wbc1","dcalib",0.09,262.58,0.239009
"MBO","wbc1","harrell_c",0.04,113.69,0.239162704
"MBO","wbc1","rcll",0.15,464.48,0.239823032
"MBO","whas","dcalib",0.07,198.49,0.240415288
"MBO","whas","harrell_c",0.07,213.67,0.240726496
"MBO","whas","rcll",0.03,95.96,0.240990832
"NL","ALL","dcalib,harrell_c,rcll",0.01,0.06,0.225108528
"NL","CarpenterFdaData","dcalib,harrell_c,rcll",0.05,0.25,0.22015676
"NL","aids.id","dcalib,harrell_c,rcll",0.4,1.99,0.21820284
"NL","aids2","dcalib,harrell_c,rcll",0.01,0.06,0.2263278
"NL","bladder0","dcalib,harrell_c,rcll",0.24,1.22,0.221268272
"NL","channing","dcalib,harrell_c,rcll",0.02,0.11,0.2196238
"NL","child","dcalib,harrell_c,rcll",1.1,5.48,0.378008008
"NL","colrec","dcalib,harrell_c,rcll",0.77,3.83,0.252100504
"NL","cost","dcalib,harrell_c,rcll",0.01,0.06,0.218393104
"NL","dataFTR","dcalib,harrell_c,rcll",0.01,0.03,0.225088064
"NL","dataSTR","dcalib,harrell_c,rcll",0.01,0.07,0.218365816
"NL","e1684","dcalib,harrell_c,rcll",0.01,0.06,0.22140556
"NL","flchain","dcalib,harrell_c,rcll",0.02,0.09,0.236368912
"NL","gbsg","dcalib,harrell_c,rcll",0.01,0.06,0.223600752
"NL","grace","dcalib,harrell_c,rcll",0.01,0.03,0.218543888
"NL","hdfail","dcalib,harrell_c,rcll",0.01,0.04,0.477498688
"NL","kidtran","dcalib,harrell_c,rcll",0.01,0.04,0.224568888
"NL","liver","dcalib,harrell_c,rcll",0.02,0.1,0.218680552
"NL","lung","dcalib,harrell_c,rcll",0.01,0.05,0.221236168
"NL","metabric","dcalib,harrell_c,rcll",0.01,0.05,0.224260288
"NL","mgus","dcalib,harrell_c,rcll",0.01,0.07,0.21807812
"NL","nafld1","dcalib,harrell_c,rcll",0.01,0.05,0.239731888
"NL","nwtco","dcalib,harrell_c,rcll",0.54,2.71,0.240180272
"NL","ova","dcalib,harrell_c,rcll",0.03,0.15,0.218129864
"NL","patient","dcalib,harrell_c,rcll",0.03,0.15,0.220359112
"NL","rdata","dcalib,harrell_c,rcll",0.01,0.07,0.225026128
"NL","std","dcalib,harrell_c,rcll",0.02,0.1,0.218922336
"NL","support","dcalib,harrell_c,rcll",0.01,0.06,0.229787536
"NL","tumor","dcalib,harrell_c,rcll",0.04,0.18,0.22034844
"NL","uis","dcalib,harrell_c,rcll",0.01,0.05,0.218210136
"NL","veteran","dcalib,harrell_c,rcll",0.02,0.09,0.217922464
"NL","wbc1","dcalib,harrell_c,rcll",0.01,0.06,0.218587704
"NL","whas","dcalib,harrell_c,rcll",0.01,0.05,0.225507352
"ORSF","ALL","dcalib",0.02,32.41,0.2394258
"ORSF","ALL","harrell_c",0.05,72.37,0.2395644
"ORSF","ALL","rcll",0.02,37.37,0.239509616
"ORSF","CarpenterFdaData","dcalib",0.06,92.34,0.244211456
"ORSF","CarpenterFdaData","harrell_c",0.03,45.5,0.236441728
"ORSF","CarpenterFdaData","rcll",0.02,22.66,0.244230976
"ORSF","aids.id","dcalib",0.02,24.67,0.248788416
"ORSF","aids.id","harrell_c",0.96,1443.28,0.237030872
"ORSF","aids.id","rcll",0.31,460.5,0.236994016
"ORSF","aids2","dcalib",0.12,178.26,0.2434616
"ORSF","aids2","harrell_c",0.06,87.87,0.243036976
"ORSF","aids2","rcll",0.02,34.21,0.243643088
"ORSF","bladder0","dcalib",0.02,30.6,0.238736632
"ORSF","bladder0","harrell_c",0.77,1151.63,0.237740672
"ORSF","bladder0","rcll",0.02,31.68,0.247125504
"ORSF","channing","dcalib",0.02,24.85,0.236254592
"ORSF","channing","harrell_c",0.04,56.27,0.244211552
"ORSF","channing","rcll",0.03,46.74,0.236833968
"ORSF","child","dcalib",0.43,650.66,0.378161096
"ORSF","child","harrell_c",1.07,1602.94,0.378277256
"ORSF","child","rcll",0.36,533.59,0.378219824
"ORSF","colrec","dcalib",0.07,102.95,0.263283776
"ORSF","colrec","harrell_c",0.45,674.72,0.26299828
"ORSF","colrec","rcll",0.08,126.4,0.263106048
"ORSF","cost","dcalib",0.04,63.19,0.240326488
"ORSF","cost","harrell_c",0.43,646.65,0.237527736
"ORSF","cost","rcll",0.04,56.97,0.237696672
"ORSF","dataFTR","dcalib",0.01,20.24,0.23804916
"ORSF","dataFTR","harrell_c",0.02,23.86,0.238164744
"ORSF","dataFTR","rcll",0.07,101.28,0.237848128
"ORSF","dataSTR","dcalib",0.02,32.33,0.249021056
"ORSF","dataSTR","harrell_c",0.04,55.43,0.248774144
"ORSF","dataSTR","rcll",0.06,92.42,0.244185712
"ORSF","e1684","dcalib",0.03,45.09,0.24829088
"ORSF","e1684","harrell_c",0.02,24.93,0.237671848
"ORSF","e1684","rcll",0.03,43.97,0.244166624
"ORSF","flchain","dcalib",0.02,36.01,0.24591184
"ORSF","flchain","harrell_c",0.03,45.69,0.246023976
"ORSF","flchain","rcll",0.02,33.88,0.245969392
"ORSF","gbsg","dcalib",0.2,298.83,0.240734824
"ORSF","gbsg","harrell_c",0.03,50.99,0.241116304
"ORSF","gbsg","rcll",0.06,86.88,0.24106256
"ORSF","grace","dcalib",0.05,77.76,0.244281552
"ORSF","grace","harrell_c",0.03,46.24,0.244362224
"ORSF","grace","rcll",0.03,39.67,0.244336504
"ORSF","hdfail","dcalib",0.29,440.48,0.508013032
"ORSF","hdfail","harrell_c",0.12,181.93,0.508122656
"ORSF","hdfail","rcll",0.3,447.47,0.508054848
"ORSF","kidtran","dcalib",0.04,56.23,0.2364994
"ORSF","kidtran","harrell_c",0.02,35.85,0.240165752
"ORSF","kidtran","rcll",0.04,63.62,0.244310248
"ORSF","liver","dcalib",0.02,34.97,0.244235256
"ORSF","liver","harrell_c",0.03,45.61,0.2443842
"ORSF","liver","rcll",0.03,38.42,0.244299024
"ORSF","lung","dcalib",0.05,81.1,0.244122696
"ORSF","lung","harrell_c",0.01,20.18,0.265513768
"ORSF","lung","rcll",0.01,15.38,0.260618872
"ORSF","metabric","dcalib",0.08,112.78,0.240247248
"ORSF","metabric","harrell_c",0.28,422.73,0.240622616
"ORSF","metabric","rcll",0.02,24.15,0.240564584
"ORSF","mgus","dcalib",0.05,69.13,0.236696416
"ORSF","mgus","harrell_c",0.03,44.65,0.239930592
"ORSF","mgus","rcll",0.03,51.02,0.248525088
"ORSF","nafld1","dcalib",0.01,21.7,0.239316576
"ORSF","nafld1","harrell_c",0.06,96.45,0.239457976
"ORSF","nafld1","rcll",0.07,111.7,0.239403392
"ORSF","nwtco","dcalib",0.05,75.48,0.240252888
"ORSF","nwtco","harrell_c",0.46,691.21,0.240005704
"ORSF","nwtco","rcll",0.74,1112.62,0.239988432
"ORSF","ova","dcalib",0.05,69.37,0.244266896
"ORSF","ova","harrell_c",0.03,45.86,0.236522216
"ORSF","ova","rcll",0.04,62.77,0.244667384
"ORSF","patient","dcalib",0.03,51.59,0.24779916
"ORSF","patient","harrell_c",0.07,98.44,0.24795048
"ORSF","patient","rcll",0.04,60.82,0.238987768
"ORSF","rdata","dcalib",0.01,18.63,0.237188472
"ORSF","rdata","harrell_c",0.02,35.25,0.238130184
"ORSF","rdata","rcll",0.03,41.89,0.245119952
"ORSF","std","dcalib",0.04,60.74,0.237666616
"ORSF","std","harrell_c",0.05,70.35,0.24468844
"ORSF","std","rcll",0.06,94.31,0.23928644
"ORSF","support","dcalib",0.15,221.27,0.243279576
"ORSF","support","harrell_c",0.02,28.13,0.2461384
"ORSF","support","rcll",0.02,27.53,0.243308864
"ORSF","tumor","dcalib",0.03,39.53,0.247425512
"ORSF","tumor","harrell_c",0.04,55.36,0.247571704
"ORSF","tumor","rcll",0.06,94.16,0.247481216
"ORSF","uis","dcalib",0.02,29.33,0.237063672
"ORSF","uis","harrell_c",0.05,68.25,0.244553552
"ORSF","uis","rcll",0.05,78.55,0.244470304
"ORSF","veteran","dcalib",0.02,25.83,0.248362184
"ORSF","veteran","harrell_c",0.05,82.1,0.242990288
"ORSF","veteran","rcll",0.04,63.85,0.236733176
"ORSF","wbc1","dcalib",0.06,88.76,0.238963584
"ORSF","wbc1","harrell_c",0.04,60.98,0.256133144
"ORSF","wbc1","rcll",0.04,58.05,0.247964248
"ORSF","whas","dcalib",0.05,79.63,0.247074592
"ORSF","whas","harrell_c",0.03,48.4,0.247187376
"ORSF","whas","rcll",0.06,87.22,0.247162256
"Par","ALL","dcalib",0.01,9.8,0.540158264
"Par","ALL","harrell_c",0.03,23.39,0.533430056
"Par","ALL","rcll",0.02,14.98,0.542594608
"Par","CarpenterFdaData","dcalib",0.02,18.29,0.307933568
"Par","CarpenterFdaData","harrell_c",0.04,26.42,0.312093464
"Par","CarpenterFdaData","rcll",0.02,11.51,0.317152944
"Par","aids.id","dcalib",0.08,63.54,0.32161344
"Par","aids.id","harrell_c",0.39,290.93,0.308013696
"Par","aids.id","rcll",0.09,65,0.326772072
"Par","aids2","dcalib",0.18,136.68,0.6089508
"Par","aids2","harrell_c",0.07,50.22,0.601242456
"Par","aids2","rcll",0.01,10.94,0.612225512
"Par","bladder0","dcalib",0.04,26.47,0.307687016
"Par","bladder0","harrell_c",0.73,550.1,0.299997664
"Par","bladder0","rcll",0.09,64.55,0.310402448
"Par","channing","dcalib",0.03,25.37,0.319730808
"Par","channing","harrell_c",0.01,9.98,0.31927756
"Par","channing","rcll",0.05,35.23,0.32366672
"Par","child","dcalib",1.06,794.55,3.57023916
"Par","child","harrell_c",0.76,570.63,3.562528464
"Par","child","rcll",0.43,318.77,3.573279584
"Par","colrec","dcalib",0.04,33.47,0.951956336
"Par","colrec","harrell_c",0.98,738.64,0.944780624
"Par","colrec","rcll",0.04,32.7,0.954413456
"Par","cost","dcalib",0.03,25.73,0.329028504
"Par","cost","harrell_c",0.02,15.8,0.314289128
"Par","cost","rcll",0.03,22.86,0.32402124
"Par","dataFTR","dcalib",0.19,140.96,0.53099512
"Par","dataFTR","harrell_c",0.04,32.09,0.5238724
"Par","dataFTR","rcll",0.01,7.86,0.533466248
"Par","dataSTR","dcalib",0.03,20.04,0.332532392
"Par","dataSTR","harrell_c",0.02,12.51,0.31747748
"Par","dataSTR","rcll",0.05,34.77,0.338297736
"Par","e1684","dcalib",0.05,39.13,0.291748736
"Par","e1684","harrell_c",0.03,26.13,0.294206952
"Par","e1684","rcll",0.07,49,0.294687
"Par","flchain","dcalib",0.08,56.73,0.760779024
"Par","flchain","harrell_c",0.03,21.58,0.749692672
"Par","flchain","rcll",0.11,84.52,0.759714848
"Par","gbsg","dcalib",0.02,12.26,0.535224344
"Par","gbsg","harrell_c",0.05,36.47,0.527452432
"Par","gbsg","rcll",0.01,7.61,0.536906992
"Par","grace","dcalib",0.05,34.25,0.381823912
"Par","grace","harrell_c",0.01,10.18,0.373946352
"Par","grace","rcll",0.03,20.51,0.383638992
"Par","hdfail","dcalib",0.26,194.37,6.793651864
"Par","hdfail","harrell_c",0.08,62.29,6.786192824
"Par","hdfail","rcll",2.62,1962.01,6.797331248
"Par","kidtran","dcalib",0.01,9.76,0.24820692
"Par","kidtran","harrell_c",0.03,22.23,0.24831428
"Par","kidtran","rcll",0.05,36.79,0.24839372
"Par","liver","dcalib",0.03,22.41,0.31713568
"Par","liver","harrell_c",0.02,17.94,0.309948856
"Par","liver","rcll",0.09,69.17,0.319841368
"Par","lung","dcalib",0.06,41.9,0.285118736
"Par","lung","harrell_c",0.02,17.34,0.285208248
"Par","lung","rcll",0.05,34.63,0.29310204
"Par","metabric","dcalib",0.01,8.71,0.494199368
"Par","metabric","harrell_c",0.02,15.38,0.486591576
"Par","metabric","rcll",0.01,8.22,0.496176144
"Par","mgus","dcalib",0.02,13.41,0.291257784
"Par","mgus","harrell_c",0.04,28.55,0.271590064
"Par","mgus","rcll",0.03,25.13,0.281124192
"Par","nafld1","dcalib",0.18,135.94,0.755470816
"Par","nafld1","harrell_c",0.05,36.29,0.747916608
"Par","nafld1","rcll",0.01,10.18,0.75749008
"Par","nwtco","dcalib",0.05,35.68,0.758286336
"Par","nwtco","harrell_c",1.04,776.27,0.751171336
"Par","nwtco","rcll",0.66,491.55,0.760762144
"Par","ova","dcalib",0.03,19.51,0.301915888
"Par","ova","harrell_c",0.03,24.16,0.306648528
"Par","ova","rcll",0.03,20.68,0.303931968
"Par","patient","dcalib",0.06,41.32,0.505138088
"Par","patient","harrell_c",0.02,17.88,0.4979438
"Par","patient","rcll",0.03,23.36,0.511896048
"Par","rdata","dcalib",0.01,7.36,0.386279776
"Par","rdata","harrell_c",0.06,47.43,0.378440704
"Par","rdata","rcll",0.01,6.49,0.388715912
"Par","std","dcalib",0.05,37.3,0.367078936
"Par","std","harrell_c",0.04,26.49,0.359306176
"Par","std","rcll",0.02,17.19,0.380767584
"Par","support","dcalib",0.02,12.43,0.756015568
"Par","support","harrell_c",0.02,11.69,0.748469776
"Par","support","rcll",0.04,29.67,0.758520816
"Par","tumor","dcalib",0.04,32.45,0.35504748
"Par","tumor","harrell_c",0.04,27.34,0.347745824
"Par","tumor","rcll",0.08,56.64,0.356920104
"Par","uis","dcalib",0.06,41.27,0.328607096
"Par","uis","harrell_c",0.08,60.69,0.321376488
"Par","uis","rcll",0.05,37.21,0.331088664
"Par","veteran","dcalib",0.03,26.16,0.275153184
"Par","veteran","harrell_c",0.02,12.51,0.281757624
"Par","veteran","rcll",0.04,29.19,0.275894488
"Par","wbc1","dcalib",0.02,17.97,0.279642544
"Par","wbc1","harrell_c",0.02,16.62,0.279927144
"Par","wbc1","rcll",0.04,29.91,0.282162336
"Par","whas","dcalib",0.04,26.78,0.318543456
"Par","whas","harrell_c",0.04,31.95,0.310527664
"Par","whas","rcll",0.03,22.85,0.320641776
"Pen","ALL","dcalib",0.02,28.91,0.242261392
"Pen","ALL","harrell_c",0.03,50.94,0.242808912
"Pen","ALL","rcll",0.01,22.15,0.242449736
"Pen","CarpenterFdaData","dcalib",0.02,37.36,0.245507968
"Pen","CarpenterFdaData","harrell_c",0.04,54.12,0.247009384
"Pen","CarpenterFdaData","rcll",0.04,63.8,0.240312176
"Pen","aids.id","dcalib",0.03,41.6,0.255543872
"Pen","aids.id","harrell_c",0.03,46.63,0.248558528
"Pen","aids.id","rcll",0.04,53.81,0.240033928
"Pen","aids2","dcalib",0.17,254.5,0.24646352
"Pen","aids2","harrell_c",0.06,93.79,0.247314464
"Pen","aids2","rcll",0.12,176.61,0.246521704
"Pen","bladder0","dcalib",0.03,49.38,0.242243008
"Pen","bladder0","harrell_c",0.81,1220.12,0.241968544
"Pen","bladder0","rcll",0.02,26.41,0.259465352
"Pen","channing","dcalib",0.03,50.19,0.240178928
"Pen","channing","harrell_c",0.02,29.75,0.254352624
"Pen","channing","rcll",0.07,101.91,0.247439928
"Pen","child","dcalib",0.92,1374.35,0.381733304
"Pen","child","harrell_c",5.76,8637.1,0.38225104
"Pen","child","rcll",0.18,269.54,0.38179204
"Pen","colrec","dcalib",0.09,132.18,0.265816128
"Pen","colrec","harrell_c",0.95,1429.37,0.265945984
"Pen","colrec","rcll",0.04,62.95,0.265874512
"Pen","cost","dcalib",0.16,236.57,0.240575272
"Pen","cost","harrell_c",0.03,46.45,0.240697072
"Pen","cost","rcll",0.03,45.6,0.257577864
"Pen","dataFTR","dcalib",0.01,17.22,0.241121904
"Pen","dataFTR","harrell_c",0.07,104.23,0.241711584
"Pen","dataFTR","rcll",0.1,147.83,0.240943184
"Pen","dataSTR","dcalib",0.04,63.72,0.247119656
"Pen","dataSTR","harrell_c",0.01,19.29,0.240249256
"Pen","dataSTR","rcll",0.04,54.24,0.240297192
"Pen","e1684","dcalib",0.03,40.42,0.239603912
"Pen","e1684","harrell_c",0.03,48.01,0.253206064
"Pen","e1684","rcll",0.05,78.89,0.23967272
"Pen","flchain","dcalib",0.17,261.51,0.248155136
"Pen","flchain","harrell_c",0.07,104.88,0.248298144
"Pen","flchain","rcll",0.01,17.89,0.249041168
"Pen","gbsg","dcalib",0.02,25.3,0.243838512
"Pen","gbsg","harrell_c",0.03,43.49,0.244120184
"Pen","gbsg","rcll",0.02,24.74,0.24406516
"Pen","grace","dcalib",0.02,35.92,0.2397596
"Pen","grace","harrell_c",0.01,16.85,0.251531344
"Pen","grace","rcll",0.06,88.08,0.24000384
"Pen","hdfail","dcalib",0.24,352.74,0.388091776
"Pen","hdfail","harrell_c",0.04,57.66,0.388667376
"Pen","hdfail","rcll",0.17,261.27,0.388952
"Pen","kidtran","dcalib",0.02,29.61,0.239622312
"Pen","kidtran","harrell_c",0.02,23.08,0.245360344
"Pen","kidtran","rcll",0.04,61,0.242004096
"Pen","liver","dcalib",0.03,44.78,0.23978128
"Pen","liver","harrell_c",0.02,33.08,0.251695512
"Pen","liver","rcll",0.02,33.8,0.243835056
"Pen","lung","dcalib",0.04,53.96,0.252068112
"Pen","lung","harrell_c",0.03,47.18,0.245194688
"Pen","lung","rcll",0.05,68,0.240044
"Pen","metabric","dcalib",0.18,269.17,0.243342048
"Pen","metabric","harrell_c",0.06,85.34,0.244117448
"Pen","metabric","rcll",0.02,37,0.243031736
"Pen","mgus","dcalib",0.07,103.84,0.24046776
"Pen","mgus","harrell_c",0.02,37.18,0.254713576
"Pen","mgus","rcll",0.33,501.85,0.240293736
"Pen","nafld1","dcalib",0.01,16.89,0.242209944
"Pen","nafld1","harrell_c",0.02,34.38,0.24232248
"Pen","nafld1","rcll",0.07,106.6,0.242296544
"Pen","nwtco","dcalib",0.03,46.14,0.24314672
"Pen","nwtco","harrell_c",0.91,1359.64,0.242864056
"Pen","nwtco","rcll",0.76,1143.55,0.242809456
"Pen","ova","dcalib",0.04,54.09,0.241779816
"Pen","ova","harrell_c",0.02,32.24,0.239707328
"Pen","ova","rcll",0.05,79.29,0.247577592
"Pen","patient","dcalib",0.04,59.08,0.24261132
"Pen","patient","harrell_c",0.77,1160.16,0.242751608
"Pen","patient","rcll",0.05,71.92,0.243023584
"Pen","rdata","dcalib",0.01,16.78,0.244191032
"Pen","rdata","harrell_c",0.01,20.24,0.25502956
"Pen","rdata","rcll",0.01,14.08,0.254992664
"Pen","std","dcalib",0.1,153.3,0.240055776
"Pen","std","harrell_c",0.04,52.66,0.24115564
"Pen","std","rcll",0.1,146.52,0.240719336
"Pen","support","dcalib",0.02,25.22,0.24600848
"Pen","support","harrell_c",0.01,21.33,0.246120464
"Pen","support","rcll",0.03,43.86,0.246095928
"Pen","tumor","dcalib",0.03,47.12,0.241553936
"Pen","tumor","harrell_c",0.02,31.44,0.243316824
"Pen","tumor","rcll",0.07,111.09,0.248336008
"Pen","uis","dcalib",0.03,50.32,0.240010768
"Pen","uis","harrell_c",0.04,58.08,0.247401672
"Pen","uis","rcll",0.04,61.02,0.240844128
"Pen","veteran","dcalib",0.04,55.92,0.243921024
"Pen","veteran","harrell_c",0.03,47.41,0.246903784
"Pen","veteran","rcll",0.03,45.61,0.243233248
"Pen","wbc1","dcalib",0.07,105.96,0.24004576
"Pen","wbc1","harrell_c",0.05,71.12,0.240029136
"Pen","wbc1","rcll",0.03,38.74,0.239568496
"Pen","whas","dcalib",0.03,50.7,0.24142712
"Pen","whas","harrell_c",0.03,39.25,0.241422112
"Pen","whas","rcll",0.06,93.99,0.242038784
"RAN","ALL","dcalib",0.1,387.28,0.236420056
"RAN","ALL","harrell_c",0.09,335.42,0.23666844
"RAN","ALL","rcll",0.02,88.17,0.236478792
"RAN","CarpenterFdaData","dcalib",0.03,114.73,0.242574816
"RAN","CarpenterFdaData","harrell_c",0.06,232.53,0.242731752
"RAN","CarpenterFdaData","rcll",0.03,122.9,0.239542008
"RAN","aids.id","dcalib",0.03,108.79,0.248926632
"RAN","aids.id","harrell_c",0.89,3336.28,0.235402784
"RAN","aids.id","rcll",0.44,1658.46,0.240410328
"RAN","aids2","dcalib",0.18,688.58,0.246673576
"RAN","aids2","harrell_c",0.52,1964.06,0.246820216
"RAN","aids2","rcll",0.15,544.65,0.23840108
"RAN","bladder0","dcalib",0.04,168.08,0.245591864
"RAN","bladder0","harrell_c",0.51,1921.79,0.237351088
"RAN","bladder0","rcll",0.03,123.67,0.23670852
"RAN","channing","dcalib",0.02,83.67,0.242506
"RAN","channing","harrell_c",0.04,145.22,0.235145224
"RAN","channing","rcll",0.04,136.25,0.23826524
"RAN","child","dcalib",0.18,686.42,0.24606836
"RAN","child","harrell_c",37.56,140847.08,0.24629944
"RAN","colrec","dcalib",6.89,25844.29,0.237813976
"RAN","colrec","harrell_c",22.41,84029.29,0.237927968
"RAN","colrec","rcll",17.8,66737.28,0.244952792
"RAN","cost","dcalib",0.04,167.32,0.235227376
"RAN","cost","harrell_c",0.03,115.64,0.247041448
"RAN","cost","rcll",0.04,163.84,0.24275312
"RAN","dataFTR","dcalib",0.03,111.91,0.236317592
"RAN","dataFTR","harrell_c",0.03,122.17,0.23642864
"RAN","dataFTR","rcll",0.02,90.24,0.236375728
"RAN","dataSTR","dcalib",0.04,133.38,0.241675104
"RAN","dataSTR","harrell_c",0.02,80.86,0.235547496
"RAN","dataSTR","rcll",0.03,123.67,0.235979488
"RAN","e1684","dcalib",0.03,103.08,0.248659448
"RAN","e1684","harrell_c",0.04,147.59,0.23960628
"RAN","e1684","rcll",0.04,157.4,0.242578984
"RAN","flchain","dcalib",0.09,332.43,0.247199672
"RAN","flchain","harrell_c",2.71,10172.78,0.247312656
"RAN","flchain","rcll",2.18,8187.8,0.247258456
"RAN","gbsg","dcalib",0.13,494.19,0.24256096
"RAN","gbsg","harrell_c",0.05,193.22,0.243607072
"RAN","gbsg","rcll",0.6,2246.47,0.236359184
"RAN","grace","dcalib",0.03,130.58,0.236085312
"RAN","grace","harrell_c",0.03,116.02,0.242772456
"RAN","grace","rcll",0.06,225.77,0.242750392
"RAN","hdfail","dcalib",30.25,113428.85,0.258212696
"RAN","hdfail","harrell_c",0.45,1689.23,0.258189896
"RAN","hdfail","rcll",37.12,139203.81,0.25825248
"RAN","kidtran","dcalib",0.03,108.74,0.242604248
"RAN","kidtran","harrell_c",0.04,136.37,0.242744848
"RAN","kidtran","rcll",0.05,180.78,0.238354608
"RAN","liver","dcalib",0.05,190.86,0.242606064
"RAN","liver","harrell_c",0.04,166.81,0.234931536
"RAN","liver","rcll",0.05,180.3,0.242697664
"RAN","lung","dcalib",0.02,84.47,0.235227744
"RAN","lung","harrell_c",0.04,132.06,0.239064736
"RAN","lung","rcll",0.04,134.65,0.235677608
"RAN","metabric","dcalib",0.12,464.13,0.236330896
"RAN","metabric","harrell_c",0.03,93.87,0.236307832
"RAN","metabric","rcll",0.02,76.73,0.236355288
"RAN","mgus","dcalib",0.06,228.94,0.23541484
"RAN","mgus","harrell_c",0.03,103.72,0.242625896
"RAN","mgus","rcll",0.08,282.96,0.246940648
"RAN","nafld1","dcalib",0.78,2906.51,0.237131632
"RAN","nafld1","harrell_c",0.06,215.04,0.23660552
"RAN","nafld1","rcll",0.08,314.54,0.237160904
"RAN","nwtco","dcalib",0.28,1064.84,0.23714228
"RAN","nwtco","harrell_c",1.06,3957.13,0.237254816
"RAN","nwtco","rcll",1.44,5384.84,0.237200616
"RAN","ova","dcalib",0.03,116.34,0.242590064
"RAN","ova","harrell_c",0.04,134.95,0.242730144
"RAN","ova","rcll",0.03,100.41,0.242680712
"RAN","patient","dcalib",0.38,1421.4,0.237305624
"RAN","patient","harrell_c",0.04,159.74,0.238266968
"RAN","patient","rcll",0.08,289.79,0.237369176
"RAN","rdata","dcalib",0.02,70.17,0.242915384
"RAN","rdata","harrell_c",0.02,77.99,0.23602624
"RAN","rdata","rcll",0.04,152.58,0.24297392
"RAN","std","dcalib",0.06,229.24,0.235035976
"RAN","std","harrell_c",0.13,496.84,0.235633664
"RAN","std","rcll",0.05,186.25,0.242953328
"RAN","support","dcalib",0.04,146.69,0.237062576
"RAN","support","harrell_c",0.13,497.5,0.237176024
"RAN","support","rcll",0.95,3548.66,0.23709256
"RAN","tumor","dcalib",0.03,122.61,0.245795688
"RAN","tumor","harrell_c",0.03,100.73,0.245882128
"RAN","tumor","rcll",0.04,141.46,0.245853824
"RAN","uis","dcalib",0.04,161.55,0.242718928
"RAN","uis","harrell_c",0.05,179.05,0.242904352
"RAN","uis","rcll",0.2,748.84,0.235442176
"RAN","veteran","dcalib",0.03,120.97,0.237525312
"RAN","veteran","harrell_c",0.04,136.27,0.249885368
"RAN","veteran","rcll",0.03,94.66,0.237351488
"RAN","wbc1","dcalib",0.03,111.22,0.2440538
"RAN","wbc1","harrell_c",0.04,166.37,0.234919416
"RAN","wbc1","rcll",0.04,150.44,0.235630696
"RAN","whas","dcalib",0.07,266.86,0.245702072
"RAN","whas","harrell_c",0.06,210.36,0.240042976
"RAN","whas","rcll",0.04,142.52,0.245724272
"RFSRC","ALL","dcalib",0.02,73.88,0.23895216
"RFSRC","ALL","harrell_c",0.07,257.57,0.246146816
"RFSRC","ALL","rcll",0.02,71.71,0.246055512
"RFSRC","CarpenterFdaData","dcalib",0.05,175.62,0.241399336
"RFSRC","CarpenterFdaData","harrell_c",0.05,179.15,0.238742184
"RFSRC","CarpenterFdaData","rcll",0.04,140.65,0.243236408
"RFSRC","aids.id","dcalib",0.02,68.19,0.245186728
"RFSRC","aids.id","harrell_c",0.83,3095.57,0.24530284
"RFSRC","aids.id","rcll",0.04,134.68,0.239289728
"RFSRC","aids2","dcalib",0.16,588.89,0.240731552
"RFSRC","aids2","harrell_c",0.08,288.81,0.240840904
"RFSRC","aids2","rcll",0.16,608.08,0.240789752
"RFSRC","bladder0","dcalib",0.04,141.21,0.247998864
"RFSRC","bladder0","harrell_c",0.51,1917.39,0.239281736
"RFSRC","bladder0","rcll",0.03,99.12,0.246430992
"RFSRC","channing","dcalib",0.02,76.96,0.245047152
"RFSRC","channing","harrell_c",0.02,74.26,0.237945496
"RFSRC","channing","rcll",0.03,97,0.240874944
"RFSRC","child","dcalib",0.56,2084.92,0.248633656
"RFSRC","child","harrell_c",2.58,9669.66,0.249107848
"RFSRC","child","rcll",0.1,367.66,0.249053448
"RFSRC","colrec","dcalib",0.43,1614.42,0.247393272
"RFSRC","colrec","harrell_c",0.64,2407.81,0.240066728
"RFSRC","colrec","rcll",0.23,862.75,0.240404312
"RFSRC","cost","dcalib",0.04,145.52,0.242556064
"RFSRC","cost","harrell_c",0.04,164.04,0.245416568
"RFSRC","cost","rcll",0.04,160.97,0.2380238
"RFSRC","dataFTR","dcalib",0.02,82.49,0.240987312
"RFSRC","dataFTR","harrell_c",0.04,139.09,0.246006984
"RFSRC","dataFTR","rcll",0.01,53.07,0.238879032
"RFSRC","dataSTR","dcalib",0.05,187.28,0.238069576
"RFSRC","dataSTR","harrell_c",0.02,90.57,0.24516208
"RFSRC","dataSTR","rcll",0.03,126.51,0.23849324
"RFSRC","e1684","dcalib",0.07,259.01,0.245051896
"RFSRC","e1684","harrell_c",0.02,73.82,0.237773368
"RFSRC","e1684","rcll",0.05,178.43,0.24511136
"RFSRC","flchain","dcalib",0.02,59.04,0.24121968
"RFSRC","flchain","harrell_c",0.05,176.64,0.24133188
"RFSRC","flchain","rcll",0.18,660.29,0.241430232
"RFSRC","gbsg","dcalib",0.22,821.76,0.245906544
"RFSRC","gbsg","harrell_c",0.04,141.44,0.238974216
"RFSRC","gbsg","rcll",0.07,254.4,0.245964944
"RFSRC","grace","dcalib",0.05,170.87,0.24522604
"RFSRC","grace","harrell_c",0.03,110.95,0.238211608
"RFSRC","grace","rcll",0.3,1131.63,0.237980584
"RFSRC","hdfail","dcalib",0.4,1508.2,0.261827184
"RFSRC","hdfail","harrell_c",1.05,3955.39,0.261968648
"RFSRC","hdfail","rcll",0.45,1704.53,0.26188412
"RFSRC","kidtran","dcalib",0.09,348.77,0.245241112
"RFSRC","kidtran","harrell_c",0.03,96.11,0.245281384
"RFSRC","kidtran","rcll",0.04,149.15,0.243785504
"RFSRC","liver","dcalib",0.02,57.59,0.245172032
"RFSRC","liver","harrell_c",0.04,132.05,0.245284632
"RFSRC","liver","rcll",0.06,206.34,0.245230032
"RFSRC","lung","dcalib",0.03,119.84,0.238304432
"RFSRC","lung","harrell_c",0.02,91.08,0.238127776
"RFSRC","lung","rcll",0.05,181.99,0.239555928
"RFSRC","metabric","dcalib",0.03,95.65,0.245742832
"RFSRC","metabric","harrell_c",0.05,187.24,0.245921248
"RFSRC","metabric","rcll",0.06,238.92,0.245830344
"RFSRC","mgus","dcalib",0.04,160.87,0.237790784
"RFSRC","mgus","harrell_c",0.04,157.36,0.237872936
"RFSRC","mgus","rcll",0.08,291.98,0.241554128
"RFSRC","nafld1","dcalib",0.2,736.01,0.239799576
"RFSRC","nafld1","harrell_c",0.03,105.37,0.239747464
"RFSRC","nafld1","rcll",0.08,283.77,0.239722128
"RFSRC","nwtco","dcalib",0.06,225.77,0.23967656
"RFSRC","nwtco","harrell_c",0.85,3183,0.239464168
"RFSRC","nwtco","rcll",0.83,3121.82,0.239374632
"RFSRC","ova","dcalib",0.02,71.15,0.244583272
"RFSRC","ova","harrell_c",0.03,124.52,0.238396432
"RFSRC","ova","rcll",0.02,75.22,0.245246544
"RFSRC","patient","dcalib",0.05,181.49,0.248722624
"RFSRC","patient","harrell_c",0.04,141.14,0.24050084
"RFSRC","patient","rcll",0.09,335.74,0.24881756
"RFSRC","rdata","dcalib",0.13,483.88,0.245485816
"RFSRC","rdata","harrell_c",0.02,71.56,0.2455968
"RFSRC","rdata","rcll",0.04,152.23,0.245513936
"RFSRC","std","dcalib",0.05,171.46,0.237989152
"RFSRC","std","harrell_c",0.04,146.31,0.245574328
"RFSRC","std","rcll",0.08,298.06,0.245482024
"RFSRC","support","dcalib",0.04,161.86,0.23956672
"RFSRC","support","harrell_c",0.06,238.97,0.246723504
"RFSRC","support","rcll",0.04,133.39,0.239365536
"RFSRC","tumor","dcalib",0.08,314.51,0.239412792
"RFSRC","tumor","harrell_c",0.03,110.74,0.248302496
"RFSRC","tumor","rcll",0.05,192.67,0.239944672
"RFSRC","uis","dcalib",0.04,153.48,0.240279104
"RFSRC","uis","harrell_c",0.03,114.63,0.244236632
"RFSRC","uis","rcll",0.06,239.66,0.245345592
"RFSRC","veteran","dcalib",0.06,235.67,0.2440758
"RFSRC","veteran","harrell_c",0.04,157.48,0.245208776
"RFSRC","veteran","rcll",0.06,233.09,0.241121336
"RFSRC","wbc1","dcalib",0.03,116.11,0.244297336
"RFSRC","wbc1","harrell_c",0.05,172.83,0.245181112
"RFSRC","wbc1","rcll",0.09,333.97,0.245660088
"RFSRC","whas","dcalib",0.05,169.14,0.248051704
"RFSRC","whas","harrell_c",0.03,116.39,0.248163904
"RFSRC","whas","rcll",0.04,158.56,0.242387712
"RRT","ALL","dcalib",0.05,36.37,0.227698152
"RRT","ALL","harrell_c",0.08,56.56,0.22780696
"RRT","ALL","rcll",0.01,7.55,0.227725168
"RRT","CarpenterFdaData","dcalib",0.07,54.17,0.223051528
"RRT","CarpenterFdaData","harrell_c",0.03,24.44,0.224292312
"RRT","CarpenterFdaData","rcll",0.03,19.9,0.22234
"RRT","aids.id","dcalib",0.03,24.38,0.221117608
"RRT","aids.id","harrell_c",0.68,510.72,0.229252128
"RRT","aids.id","rcll",0.29,215.64,0.221961864
"RRT","aids2","dcalib",0.18,136.64,0.228172624
"RRT","aids2","harrell_c",0.29,217.32,0.228251608
"RRT","aids2","rcll",0.01,7.26,0.22819868
"RRT","bladder0","dcalib",0.15,113.74,0.22289108
"RRT","bladder0","harrell_c",0.53,399.45,0.231933536
"RRT","bladder0","rcll",0.04,27.15,0.22250056
"RRT","channing","dcalib",0.24,183.24,0.221498096
"RRT","channing","harrell_c",0.03,25.47,0.226758232
"RRT","channing","rcll",0.03,22.3,0.2207852
"RRT","child","dcalib",0.22,167.94,0.380546032
"RRT","child","harrell_c",0.37,281,0.38065288
"RRT","child","rcll",0.17,128.39,0.380568752
"RRT","colrec","dcalib",0.46,344.12,0.254661344
"RRT","colrec","harrell_c",0.92,691.71,0.254774128
"RRT","colrec","rcll",0.04,31.77,0.2547212
"RRT","cost","dcalib",0.04,27.65,0.221261128
"RRT","cost","harrell_c",0.02,13.85,0.221227664
"RRT","cost","rcll",0.03,24.15,0.223467488
"RRT","dataFTR","dcalib",0.02,17.61,0.226991384
"RRT","dataFTR","harrell_c",0.16,117.83,0.227129256
"RRT","dataFTR","rcll",0.02,11.38,0.227047464
"RRT","dataSTR","dcalib",0.06,47.81,0.221460816
"RRT","dataSTR","harrell_c",0.03,25.99,0.221259944
"RRT","dataSTR","rcll",0.07,50.05,0.221189752
"RRT","e1684","dcalib",0.44,326.47,0.221569968
"RRT","e1684","harrell_c",0.04,30.86,0.22085612
"RRT","e1684","rcll",0.03,21.93,0.220918864
"RRT","flchain","dcalib",0.02,11.56,0.23881252
"RRT","flchain","harrell_c",0.04,29.52,0.238892664
"RRT","flchain","rcll",0.01,10.92,0.238839736
"RRT","gbsg","dcalib",0.16,116.74,0.22660816
"RRT","gbsg","harrell_c",0.13,95.16,0.226094536
"RRT","gbsg","rcll",0.02,12.67,0.225925088
"RRT","grace","dcalib",0.11,86.14,0.221132896
"RRT","grace","harrell_c",0.02,18.55,0.221127944
"RRT","grace","rcll",0.02,14.05,0.2239538
"RRT","hdfail","dcalib",0.32,239.69,0.480986248
"RRT","hdfail","harrell_c",0.02,14.74,0.481125792
"RRT","hdfail","rcll",0.34,252.82,0.481070792
"RRT","kidtran","dcalib",0.05,36.44,0.2233654
"RRT","kidtran","harrell_c",0.05,37.91,0.223106616
"RRT","kidtran","rcll",0.04,30.95,0.221876328
"RRT","liver","dcalib",0.03,18.82,0.228336304
"RRT","liver","harrell_c",0.04,27.33,0.22546336
"RRT","liver","rcll",0.05,41.13,0.221214816
"RRT","lung","dcalib",0.06,48.01,0.226184864
"RRT","lung","harrell_c",0.02,16.61,0.22102684
"RRT","lung","rcll",0.07,51.73,0.220757136
"RRT","metabric","dcalib",0.01,8.39,0.226334448
"RRT","metabric","harrell_c",0.24,178.13,0.226443856
"RRT","metabric","rcll",0.07,54.65,0.226361664
"RRT","mgus","dcalib",0.03,23.96,0.220620616
"RRT","mgus","harrell_c",0.03,21.39,0.221004464
"RRT","mgus","rcll",0.08,60.13,0.22146624
"RRT","nafld1","dcalib",0.01,8.3,0.24232372
"RRT","nafld1","harrell_c",0.03,19.62,0.242436376
"RRT","nafld1","rcll",0.01,7.44,0.2423798
"RRT","nwtco","dcalib",0.04,31.15,0.24272944
"RRT","nwtco","harrell_c",1.01,756.52,0.242853832
"RRT","nwtco","rcll",0.8,596.82,0.242885312
"RRT","ova","dcalib",0.04,30.72,0.221058688
"RRT","ova","harrell_c",0.03,21.03,0.22208556
"RRT","ova","rcll",0.11,84.09,0.2213806
"RRT","patient","dcalib",0.13,97.48,0.223928448
"RRT","patient","harrell_c",0.03,23.44,0.22317436
"RRT","patient","rcll",0.02,18.6,0.225768016
"RRT","rdata","dcalib",0.12,88.63,0.223504672
"RRT","rdata","harrell_c",0.06,44.2,0.222926472
"RRT","rdata","rcll",0.01,5.65,0.222261984
"RRT","std","dcalib",0.04,31.36,0.223532096
"RRT","std","harrell_c",0.71,535.19,0.222673032
"RRT","std","rcll",0.03,19.34,0.221969504
"RRT","support","dcalib",0.01,6.86,0.231984056
"RRT","support","harrell_c",0.01,8.31,0.2320644
"RRT","support","rcll",0.03,23.97,0.232040336
"RRT","tumor","dcalib",0.54,403.09,0.223317952
"RRT","tumor","harrell_c",0.03,21.28,0.223170816
"RRT","tumor","rcll",0.22,161.46,0.223210192
"RRT","uis","dcalib",0.02,13.77,0.22126476
"RRT","uis","harrell_c",0.03,21.34,0.221194016
"RRT","uis","rcll",0.05,35.63,0.226570456
"RRT","veteran","dcalib",0.04,30.06,0.220900784
"RRT","veteran","harrell_c",0.02,17.3,0.221238712
"RRT","veteran","rcll",0.04,31.61,0.22170424
"RRT","wbc1","dcalib",0.08,57.32,0.220835136
"RRT","wbc1","harrell_c",0.03,21.38,0.220903144
"RRT","wbc1","rcll",0.05,37.54,0.228193016
"RRT","whas","dcalib",0.04,27.01,0.228859192
"RRT","whas","harrell_c",0.03,19.31,0.22627448
"RRT","whas","rcll",0.04,27.57,0.226357312
"SSVM","ALL","dcalib",0.38,1138.64,0.256552536
"SSVM","ALL","harrell_c",0.35,1036.94,0.244751808
"SSVM","ALL","rcll",0.4,1212.19,0.244698472
"SSVM","CarpenterFdaData","dcalib",0.01,40.74,0.249575064
"SSVM","CarpenterFdaData","harrell_c",0.02,59.73,0.249556784
"SSVM","CarpenterFdaData","rcll",0.1,294.28,0.250390168
"SSVM","aids.id","dcalib",0.05,136.57,0.26023564
"SSVM","aids.id","harrell_c",0.96,2891.61,0.239262792
"SSVM","aids.id","rcll",0.04,116.41,0.239016504
"SSVM","aids2","dcalib",0.47,1408.79,0.255758888
"SSVM","aids2","harrell_c",0.95,2856.83,0.25524364
"SSVM","aids2","rcll",0.44,1307.53,0.244022512
"SSVM","bladder0","dcalib",0.01,44.7,0.249677088
"SSVM","bladder0","harrell_c",0.04,118.54,0.249836664
"SSVM","bladder0","rcll",0.04,109.59,0.250165824
"SSVM","channing","dcalib",0.01,28.47,0.25193252
"SSVM","channing","harrell_c",1.08,3252.87,0.238908544
"SSVM","channing","rcll",0.03,80.3,0.249772856
"SSVM","child","dcalib",0.51,1534.1,0.409583048
"SSVM","child","harrell_c",1.17,3517.41,0.409691232
"SSVM","child","rcll",0.45,1353.02,0.409624128
"SSVM","colrec","dcalib",5.36,16073.45,0.27156528
"SSVM","colrec","harrell_c",5.63,16895.72,0.271675648
"SSVM","colrec","rcll",4.21,12622.87,0.2840052
"SSVM","cost","dcalib",0.02,67.66,0.250120048
"SSVM","cost","harrell_c",0.02,70.14,0.25033516
"SSVM","cost","rcll",0.05,143.47,0.249890928
"SSVM","dataFTR","dcalib",0.3,912.31,0.255773736
"SSVM","dataFTR","harrell_c",0.39,1178.7,0.25588172
"SSVM","dataFTR","rcll",0.29,880.04,0.25580332
"SSVM","dataSTR","dcalib",0.02,68.37,0.249597664
"SSVM","dataSTR","harrell_c",0.02,54.57,0.26029504
"SSVM","dataSTR","rcll",0.03,82.39,0.250485728
"SSVM","e1684","dcalib",0.04,105.75,0.237862736
"SSVM","e1684","harrell_c",0.02,69.83,0.23845428
"SSVM","e1684","rcll",0.08,249.57,0.238899368
"SSVM","flchain","dcalib",1.85,5549.98,0.254450872
"SSVM","flchain","harrell_c",5.96,17881.19,0.266500328
"SSVM","flchain","rcll",2.04,6110.42,0.2545356
"SSVM","gbsg","dcalib",0.15,458.72,0.242783232
"SSVM","gbsg","harrell_c",0.43,1287.54,0.2428932
"SSVM","gbsg","rcll",0.37,1124.42,0.242810648
"SSVM","grace","dcalib",0.07,198.69,0.24970896
"SSVM","grace","harrell_c",0.03,84.91,0.238807136
"SSVM","grace","rcll",0.07,202.33,0.249797992
"SSVM","hdfail","dcalib",1.17,3521.02,0.507756912
"SSVM","hdfail","harrell_c",0.84,2510.29,0.507864896
"SSVM","hdfail","rcll",1.14,3416.29,0.507768728
"SSVM","kidtran","dcalib",0.05,144.3,0.251707008
"SSVM","kidtran","harrell_c",0.02,68.14,0.251024744
"SSVM","kidtran","rcll",0.04,113,0.251233288
"SSVM","liver","dcalib",0.05,144.37,0.249874488
"SSVM","liver","harrell_c",0.04,118.43,0.24585528
"SSVM","liver","rcll",0.02,52.86,0.249517848
"SSVM","lung","dcalib",0.05,156.6,0.246994936
"SSVM","lung","harrell_c",0.02,66.53,0.238417456
"SSVM","lung","rcll",0.02,63.98,0.241226288
"SSVM","metabric","dcalib",0.3,908.05,0.243227608
"SSVM","metabric","harrell_c",0.11,335.43,0.243379792
"SSVM","metabric","rcll",0.38,1133.25,0.255145528
"SSVM","mgus","dcalib",0.03,86.67,0.238936608
"SSVM","mgus","harrell_c",0.04,115.02,0.2506024
"SSVM","mgus","rcll",0.04,106.47,0.250153416
"SSVM","nafld1","dcalib",7.97,23897.62,0.259249608
"SSVM","nafld1","harrell_c",2.08,6226.75,0.25938844
"SSVM","nafld1","rcll",2.64,7930.17,0.271215768
"SSVM","nwtco","dcalib",2.01,6025.51,0.271561008
"SSVM","nwtco","harrell_c",2.87,8622.88,0.259775336
"SSVM","nwtco","rcll",7.65,22945.7,0.271602704
"SSVM","ova","dcalib",0.04,126.45,0.250179104
"SSVM","ova","harrell_c",0.03,87.54,0.238704048
"SSVM","ova","rcll",0.03,101.44,0.239093552
"SSVM","patient","dcalib",0.23,695,0.238380248
"SSVM","patient","harrell_c",0.26,772.69,0.250921048
"SSVM","patient","rcll",0.22,659.78,0.23833968
"SSVM","rdata","dcalib",0.14,434.23,0.25194264
"SSVM","rdata","harrell_c",0.05,156.14,0.2405198
"SSVM","rdata","rcll",0.05,149.2,0.251945544
"SSVM","std","dcalib",0.15,436.06,0.239020392
"SSVM","std","harrell_c",0.04,107.16,0.239261912
"SSVM","std","rcll",0.05,139.29,0.251377408
"SSVM","support","dcalib",1.96,5867.63,0.248853616
"SSVM","support","harrell_c",3.34,10034.37,0.260823232
"SSVM","support","rcll",1.26,3773.84,0.260744832
"SSVM","tumor","dcalib",0.43,1282.53,0.250586008
"SSVM","tumor","harrell_c",0.02,58.49,0.251479776
"SSVM","tumor","rcll",0.03,87.17,0.250475296
"SSVM","uis","dcalib",0.06,186.26,0.239110584
"SSVM","uis","harrell_c",0.03,84.67,0.239193904
"SSVM","uis","rcll",0.04,124.06,0.250739584
"SSVM","veteran","dcalib",0.03,95.01,0.250408752
"SSVM","veteran","harrell_c",0.02,54.15,0.250317656
"SSVM","veteran","rcll",0.06,166.98,0.251681424
"SSVM","wbc1","dcalib",0.05,146.53,0.248139176
"SSVM","wbc1","harrell_c",0.02,57.45,0.23784488
"SSVM","wbc1","rcll",0.06,166.27,0.249636384
"SSVM","whas","dcalib",0.05,149.12,0.239364808
"SSVM","whas","harrell_c",0.05,145.31,0.240750208
"SSVM","whas","rcll",0.02,66.34,0.250211344
"XGB","ALL","dcalib",0.02,83.94,0.245771048
"XGB","ALL","harrell_c",0.04,179.98,0.245948432
"XGB","ALL","rcll",0.01,60.11,0.245827192
"XGB","CarpenterFdaData","dcalib",0.04,193.4,0.246347456
"XGB","CarpenterFdaData","harrell_c",0.04,164.42,0.239151208
"XGB","CarpenterFdaData","rcll",0.06,285.37,0.246266536
"XGB","aids.id","dcalib",0.01,51.72,0.245797656
"XGB","aids.id","harrell_c",0.87,3905.95,0.24016616
"XGB","aids.id","rcll",0.03,130.88,0.239655912
"XGB","aids2","dcalib",0.01,57.96,0.244992472
"XGB","aids2","harrell_c",0.02,106.22,0.245130024
"XGB","aids2","rcll",0.06,280.12,0.245076496
"XGB","bladder0","dcalib",0.03,146.4,0.240116224
"XGB","bladder0","harrell_c",0.05,247.19,0.251767608
"XGB","bladder0","rcll",0.03,151.9,0.2402404
"XGB","channing","dcalib",0.04,189.88,0.237543272
"XGB","channing","harrell_c",0.99,4434.73,0.238448696
"XGB","channing","rcll",0.04,161.57,0.24591644
"XGB","child","dcalib",0.22,996.92,0.398727896
"XGB","child","harrell_c",0.27,1197.74,0.398838752
"XGB","child","rcll",0.19,875.22,0.398786688
"XGB","colrec","dcalib",0.99,4476.4,0.272732328
"XGB","colrec","harrell_c",0.97,4364.69,0.272839152
"XGB","colrec","rcll",0.05,234.19,0.272785344
"XGB","cost","dcalib",0.04,166.51,0.249567192
"XGB","cost","harrell_c",0.07,325.82,0.262167152
"XGB","cost","rcll",0.08,339.59,0.240165416
"XGB","dataFTR","dcalib",0.02,87.53,0.243828536
"XGB","dataFTR","harrell_c",0.11,481.81,0.243911992
"XGB","dataFTR","rcll",0.01,43.31,0.24388468
"XGB","dataSTR","dcalib",0.04,170.29,0.238781456
"XGB","dataSTR","harrell_c",0.03,142.09,0.245743352
"XGB","dataSTR","rcll",0.08,373.07,0.23901904
"XGB","e1684","dcalib",0.04,170.51,0.238519992
"XGB","e1684","harrell_c",0.03,112.93,0.243248088
"XGB","e1684","rcll",0.08,376.37,0.241600744
"XGB","flchain","dcalib",0.01,66.49,0.25563972
"XGB","flchain","harrell_c",0.04,188.89,0.255748992
"XGB","flchain","rcll",0.02,73.19,0.2556666
"XGB","gbsg","dcalib",0.02,78.58,0.242789384
"XGB","gbsg","harrell_c",0.02,78.9,0.242812024
"XGB","gbsg","rcll",0.01,55.46,0.24272768
"XGB","grace","dcalib",0.07,334.77,0.250284256
"XGB","grace","harrell_c",0.06,253.15,0.23825864
"XGB","grace","rcll",0.05,219.99,0.246844424
"XGB","hdfail","dcalib",0.32,1436.45,0.496855736
"XGB","hdfail","harrell_c",0.02,111.92,0.496966472
"XGB","hdfail","rcll",0.29,1285.04,0.496913544
"XGB","kidtran","dcalib",0.02,88.16,0.238817808
"XGB","kidtran","harrell_c",0.03,148.46,0.239504976
"XGB","kidtran","rcll",0.04,166.89,0.239883888
"XGB","liver","dcalib",0.05,215.44,0.238794112
"XGB","liver","harrell_c",0.02,109,0.237812512
"XGB","liver","rcll",0.03,152.82,0.240715792
"XGB","lung","dcalib",0.06,263.94,0.248986952
"XGB","lung","harrell_c",0.01,39,0.23979412
"XGB","lung","rcll",0.06,278.9,0.249911408
"XGB","metabric","dcalib",0.13,605.74,0.24314092
"XGB","metabric","harrell_c",0.01,63.69,0.243221328
"XGB","metabric","rcll",0.06,258.59,0.243197264
"XGB","mgus","dcalib",0.03,144.93,0.23883944
"XGB","mgus","harrell_c",0.03,149.81,0.239952728
"XGB","mgus","rcll",0.06,281.62,0.241842984
"XGB","nafld1","dcalib",0.01,57.56,0.2604374
"XGB","nafld1","harrell_c",0.02,72.08,0.260546304
"XGB","nafld1","rcll",0.05,244.11,0.260465944
"XGB","nwtco","dcalib",0.05,223.42,0.26082508
"XGB","nwtco","harrell_c",0.81,3666.85,0.260934352
"XGB","nwtco","rcll",0.97,4344.74,0.260884472
"XGB","ova","dcalib",0.04,192.69,0.249923248
"XGB","ova","harrell_c",0.02,92.26,0.239980488
"XGB","ova","rcll",0.06,291.99,0.247908456
"XGB","patient","dcalib",0.04,194.18,0.247601128
"XGB","patient","harrell_c",0.03,131.35,0.240128072
"XGB","patient","rcll",0.04,196.34,0.24084656
"XGB","rdata","dcalib",0.14,642.35,0.241016056
"XGB","rdata","harrell_c",0.02,100.14,0.240970864
"XGB","rdata","rcll",0.05,244.57,0.241089448
"XGB","std","dcalib",0.03,153.76,0.245654592
"XGB","std","harrell_c",0.04,163.26,0.24005016
"XGB","std","rcll",0.04,163.58,0.240634328
"XGB","support","dcalib",0.13,599.86,0.2487722
"XGB","support","harrell_c",0.01,64.35,0.248853008
"XGB","support","rcll",0.03,157.18,0.248828144
"XGB","tumor","dcalib",0.07,307.44,0.239812072
"XGB","tumor","harrell_c",0.07,297,0.252728608
"XGB","tumor","rcll",0.02,87.54,0.239489864
"XGB","uis","dcalib",0.22,986.62,0.247413328
"XGB","uis","harrell_c",0.03,114.95,0.239817776
"XGB","uis","rcll",0.04,191.64,0.24040612
"XGB","veteran","dcalib",0.02,88.96,0.254271208
"XGB","veteran","harrell_c",0.07,309.38,0.244129664
"XGB","veteran","rcll",0.05,233.23,0.249700232
"XGB","wbc1","dcalib",0.03,129.58,0.238308944
"XGB","wbc1","harrell_c",0.02,81.96,0.238410224
"XGB","wbc1","rcll",0.05,219.04,0.23823232
"XGB","whas","dcalib",0.04,178.49,0.240519632
"XGB","whas","harrell_c",0.02,104.38,0.247725456
"XGB","whas","rcll",0.05,227.57,0.240254
